为你而选 海淀上地清河五彩城安宁庄 安宁佳园两居,安宁佳园,6500,http://bj.ganji.com/fang1/2872170930x.htm
为你而选 金榜园三居两卫业主诚心出租，欢迎来电咨询,金榜园,6500,http://bj.ganji.com/fang1/2878786858x.htm
为你而选 知本时代 2室1厅 91平,知本时代,6500,http://bj.ganji.com/fang1/2870660811x.htm
西三旗 育新地铁站 龙乡小区 精装三居室 精装修 免物业取暖,龙乡小区(中区),7000,http://bj.ganji.com/fang1/2962821062x.htm
为你而选 海淀上地清河五彩城安宁庄 安宁佳园两居,安宁佳园,6500,http://bj.ganji.com/fang1/2963163101x.htm
为你而选 知本时代 3室1厅 114平,知本时代,7000,http://bj.ganji.com/fang1/2853737362x.htm
为你而选 知本时代 2室1厅 91平,知本时代,6500,http://bj.ganji.com/fang1/2870714892x.htm
为你而选 知本时代 3室2厅 122平,知本时代,8000,http://bj.ganji.com/fang1/2878787467x.htm
为你而选 富力桃园C区精装两居室，南北通透，家具家电齐全,富力桃园(A区),6500,http://bj.ganji.com/fang1/2871235968x.htm
为你而选 枫丹丽舍 精装修两居室带露台，家具家电齐全,枫丹丽舍,7000,http://bj.ganji.com/fang1/2958964376x.htm
为你而选 知本时代 3室2厅 122平,知本时代,8000,http://bj.ganji.com/fang1/2878164904x.htm
为你而选 知本时代 精装三居两卫 南北通透 ,知本时代,8000,http://bj.ganji.com/fang1/2963936819x.htm
为你而选 富力桃园C区精装两居室，南北通透，家具家电齐全,富力桃园(A区),6500,http://bj.ganji.com/fang1/2880521977x.htm
海淀-西三旗 泰华龙旗广场三居室整租 精装, 西三旗租房,7000,http://bj.ganji.com/fang1/2870607198x.htm
为你而选 知本时代 精装三居两卫 南北通透 ,知本时代,8000,http://bj.ganji.com/fang1/2872967076x.htm
清河上地西三旗 安宁佳园精装大三居设施齐交通便利温馨舒适,安宁佳园,6800,http://bj.ganji.com/fang1/2964103853x.htm
为你而选 枫丹丽舍 精装修两居室 目前房子空置随时可以住,枫丹丽舍,6500,http://bj.ganji.com/fang1/2963958227x.htm
为你而选 枫丹丽舍 精装修两居室 目前房子空置随时可以住,枫丹丽舍,6500,http://bj.ganji.com/fang1/2963954975x.htm
为你而选 枫丹丽舍 2室2厅 107平,枫丹丽舍,6500,http://bj.ganji.com/fang1/2963755181x.htm
为你而选 枫丹丽舍 2室2厅 107平,枫丹丽舍,6500,http://bj.ganji.com/fang1/2879518822x.htm
君安家园东区三室一厅一卫,君安家园东区,8000,http://bj.ganji.com/fang1/2873172654x.htm
为你而选 知本时代 精装三居两卫 南北通透 ,知本时代,8000,http://bj.ganji.com/fang1/2880656083x.htm
清河上地西三旗育新花园正规两居室现在两居室不多了别等了,育新花园,6500,http://bj.ganji.com/fang1/2958668747x.htm
为你而选 富力桃园C区 2室1厅 89平,富力桃园(A区),6500,http://bj.ganji.com/fang1/2960843228x.htm
为你而选 枫丹丽舍 精装修两居室 目前房子空置随时可以住,枫丹丽舍,6500,http://bj.ganji.com/fang1/2880426052x.htm
为你而选 枫丹丽舍 精装修两居室 目前房子空置随时可以住,枫丹丽舍,6500,http://bj.ganji.com/fang1/2880311671x.htm
为你而选 枫丹丽舍 精装修两居室 目前房子空置随时可以住,枫丹丽舍,6500,http://bj.ganji.com/fang1/2872291539x.htm
为你而选 枫丹丽舍 2室2厅 107平,枫丹丽舍,6500,http://bj.ganji.com/fang1/2872119765x.htm
为你而选 枫丹丽舍 精装修两居室 目前房子空置随时可以住,枫丹丽舍,6500,http://bj.ganji.com/fang1/2871237129x.htm
为你而选 枫丹丽舍 精装修两居室 目前房子空置随时可以住,枫丹丽舍,6500,http://bj.ganji.com/fang1/2963282708x.htm
西三旗 沁春家园 豪华装修大两居室 随时看房 交通便捷,沁春家园,6600,http://bj.ganji.com/fang1/2871400599x.htm
为你而选 枫丹丽舍 精装修两居室 目前房子空置随时可以住,枫丹丽舍,6500,http://bj.ganji.com/fang1/2962387538x.htm
为你而选 枫丹丽舍 精装修两居室 目前房子空置随时可以住,枫丹丽舍,6500,http://bj.ganji.com/fang1/2962039754x.htm
为你而选 知本时代 精装三居两卫 南北通透 ,知本时代,8000,http://bj.ganji.com/fang1/2879802955x.htm
为你而选 知本时代 精装三居两卫 南北通透 ,知本时代,8000,http://bj.ganji.com/fang1/2871403296x.htm
为你而选 知本时代 精装三居两卫 南北通透 ,知本时代,8000,http://bj.ganji.com/fang1/2872118760x.htm
为你而选 知本时代 精装三居两卫 南北通透 ,知本时代,8000,http://bj.ganji.com/fang1/2963150384x.htm
为你而选 枫丹丽舍 精装修两居室 目前房子空置随时可以住,枫丹丽舍,6500,http://bj.ganji.com/fang1/2871662130x.htm
海淀西三旗 8号线育新+西小口 育新花园 相寓三居室 精装修,育新花园,6500,http://bj.ganji.com/fang1/2867544442x.htm
为你而选 枫丹丽舍 精装修两居室 目前房子空置随时可以住,枫丹丽舍,6500,http://bj.ganji.com/fang1/2870899311x.htm
为你而选 知本时代 精装三居两卫 南北通透 ,知本时代,8000,http://bj.ganji.com/fang1/2870648982x.htm
为你而选 知本时代 精装三居两卫 南北通透 ,知本时代,8000,http://bj.ganji.com/fang1/2962222673x.htm
为你而选 知本时代 精装三居两卫 南北通透 ,知本时代,8000,http://bj.ganji.com/fang1/2962095947x.htm
为你而选 枫丹丽舍 精装修两居室 目前房子空置随时可以住,枫丹丽舍,6500,http://bj.ganji.com/fang1/2878780495x.htm
为你而选 海淀上地清河五彩城安宁庄 安宁佳园两居,安宁佳园,6500,http://bj.ganji.com/fang1/2872170930x.htm
为你而选 金榜园三居两卫业主诚心出租，欢迎来电咨询,金榜园,6500,http://bj.ganji.com/fang1/2878786858x.htm
为你而选 知本时代 2室1厅 91平,知本时代,6500,http://bj.ganji.com/fang1/2870660811x.htm
西三旗 育新地铁站 龙乡小区 精装三居室 精装修 免物业取暖,龙乡小区(中区),7000,http://bj.ganji.com/fang1/2962821062x.htm
为你而选 海淀上地清河五彩城安宁庄 安宁佳园两居,安宁佳园,6500,http://bj.ganji.com/fang1/2963163101x.htm
为你而选 知本时代 3室1厅 114平,知本时代,7000,http://bj.ganji.com/fang1/2853737362x.htm
为你而选 知本时代 2室1厅 91平,知本时代,6500,http://bj.ganji.com/fang1/2870714892x.htm
为你而选 知本时代 3室2厅 122平,知本时代,8000,http://bj.ganji.com/fang1/2878787467x.htm
为你而选 富力桃园C区精装两居室，南北通透，家具家电齐全,富力桃园(A区),6500,http://bj.ganji.com/fang1/2871235968x.htm
为你而选 枫丹丽舍 精装修两居室带露台，家具家电齐全,枫丹丽舍,7000,http://bj.ganji.com/fang1/2958964376x.htm
为你而选 知本时代 3室2厅 122平,知本时代,8000,http://bj.ganji.com/fang1/2878164904x.htm
为你而选 知本时代 精装三居两卫 南北通透 ,知本时代,8000,http://bj.ganji.com/fang1/2963936819x.htm
为你而选 富力桃园C区精装两居室，南北通透，家具家电齐全,富力桃园(A区),6500,http://bj.ganji.com/fang1/2880521977x.htm
海淀-西三旗 泰华龙旗广场三居室整租 精装, 西三旗租房,7000,http://bj.ganji.com/fang1/2870607198x.htm
为你而选 知本时代 精装三居两卫 南北通透 ,知本时代,8000,http://bj.ganji.com/fang1/2872967076x.htm
清河上地西三旗 安宁佳园精装大三居设施齐交通便利温馨舒适,安宁佳园,6800,http://bj.ganji.com/fang1/2964103853x.htm
为你而选 枫丹丽舍 精装修两居室 目前房子空置随时可以住,枫丹丽舍,6500,http://bj.ganji.com/fang1/2963958227x.htm
为你而选 枫丹丽舍 精装修两居室 目前房子空置随时可以住,枫丹丽舍,6500,http://bj.ganji.com/fang1/2963954975x.htm
为你而选 枫丹丽舍 2室2厅 107平,枫丹丽舍,6500,http://bj.ganji.com/fang1/2963755181x.htm
为你而选 枫丹丽舍 2室2厅 107平,枫丹丽舍,6500,http://bj.ganji.com/fang1/2879518822x.htm
君安家园东区三室一厅一卫,君安家园东区,8000,http://bj.ganji.com/fang1/2873172654x.htm
为你而选 知本时代 精装三居两卫 南北通透 ,知本时代,8000,http://bj.ganji.com/fang1/2880656083x.htm
清河上地西三旗育新花园正规两居室现在两居室不多了别等了,育新花园,6500,http://bj.ganji.com/fang1/2958668747x.htm
为你而选 富力桃园C区 2室1厅 89平,富力桃园(A区),6500,http://bj.ganji.com/fang1/2960843228x.htm
为你而选 枫丹丽舍 精装修两居室 目前房子空置随时可以住,枫丹丽舍,6500,http://bj.ganji.com/fang1/2880426052x.htm
为你而选 枫丹丽舍 精装修两居室 目前房子空置随时可以住,枫丹丽舍,6500,http://bj.ganji.com/fang1/2880311671x.htm
为你而选 枫丹丽舍 精装修两居室 目前房子空置随时可以住,枫丹丽舍,6500,http://bj.ganji.com/fang1/2872291539x.htm
为你而选 枫丹丽舍 2室2厅 107平,枫丹丽舍,6500,http://bj.ganji.com/fang1/2872119765x.htm
为你而选 枫丹丽舍 精装修两居室 目前房子空置随时可以住,枫丹丽舍,6500,http://bj.ganji.com/fang1/2871237129x.htm
为你而选 枫丹丽舍 精装修两居室 目前房子空置随时可以住,枫丹丽舍,6500,http://bj.ganji.com/fang1/2963282708x.htm
西三旗 沁春家园 豪华装修大两居室 随时看房 交通便捷,沁春家园,6600,http://bj.ganji.com/fang1/2871400599x.htm
为你而选 枫丹丽舍 精装修两居室 目前房子空置随时可以住,枫丹丽舍,6500,http://bj.ganji.com/fang1/2962387538x.htm
为你而选 枫丹丽舍 精装修两居室 目前房子空置随时可以住,枫丹丽舍,6500,http://bj.ganji.com/fang1/2962039754x.htm
为你而选 知本时代 精装三居两卫 南北通透 ,知本时代,8000,http://bj.ganji.com/fang1/2879802955x.htm
为你而选 知本时代 精装三居两卫 南北通透 ,知本时代,8000,http://bj.ganji.com/fang1/2871403296x.htm
为你而选 知本时代 精装三居两卫 南北通透 ,知本时代,8000,http://bj.ganji.com/fang1/2872118760x.htm
为你而选 知本时代 精装三居两卫 南北通透 ,知本时代,8000,http://bj.ganji.com/fang1/2963150384x.htm
为你而选 枫丹丽舍 精装修两居室 目前房子空置随时可以住,枫丹丽舍,6500,http://bj.ganji.com/fang1/2871662130x.htm
海淀西三旗 8号线育新+西小口 育新花园 相寓三居室 精装修,育新花园,6500,http://bj.ganji.com/fang1/2867544442x.htm
为你而选 枫丹丽舍 精装修两居室 目前房子空置随时可以住,枫丹丽舍,6500,http://bj.ganji.com/fang1/2870899311x.htm
为你而选 知本时代 精装三居两卫 南北通透 ,知本时代,8000,http://bj.ganji.com/fang1/2870648982x.htm
为你而选 知本时代 精装三居两卫 南北通透 ,知本时代,8000,http://bj.ganji.com/fang1/2962222673x.htm
为你而选 知本时代 精装三居两卫 南北通透 ,知本时代,8000,http://bj.ganji.com/fang1/2962095947x.htm
为你而选 枫丹丽舍 精装修两居室 目前房子空置随时可以住,枫丹丽舍,6500,http://bj.ganji.com/fang1/2878780495x.htm
为你而选 海淀上地清河五彩城安宁庄 安宁佳园两居,安宁佳园,6500,http://bj.ganji.com/fang1/2872170930x.htm
为你而选 金榜园三居两卫业主诚心出租，欢迎来电咨询,金榜园,6500,http://bj.ganji.com/fang1/2878786858x.htm
为你而选 知本时代 2室1厅 91平,知本时代,6500,http://bj.ganji.com/fang1/2870660811x.htm
西三旗 育新地铁站 龙乡小区 精装三居室 精装修 免物业取暖,龙乡小区(中区),7000,http://bj.ganji.com/fang1/2962821062x.htm
为你而选 海淀上地清河五彩城安宁庄 安宁佳园两居,安宁佳园,6500,http://bj.ganji.com/fang1/2963163101x.htm
为你而选 知本时代 3室1厅 114平,知本时代,7000,http://bj.ganji.com/fang1/2853737362x.htm
为你而选 知本时代 2室1厅 91平,知本时代,6500,http://bj.ganji.com/fang1/2870714892x.htm
为你而选 知本时代 3室2厅 122平,知本时代,8000,http://bj.ganji.com/fang1/2878787467x.htm
为你而选 富力桃园C区精装两居室，南北通透，家具家电齐全,富力桃园(A区),6500,http://bj.ganji.com/fang1/2871235968x.htm
为你而选 枫丹丽舍 精装修两居室带露台，家具家电齐全,枫丹丽舍,7000,http://bj.ganji.com/fang1/2958964376x.htm
为你而选 知本时代 3室2厅 122平,知本时代,8000,http://bj.ganji.com/fang1/2878164904x.htm
为你而选 知本时代 精装三居两卫 南北通透 ,知本时代,8000,http://bj.ganji.com/fang1/2963936819x.htm
为你而选 富力桃园C区精装两居室，南北通透，家具家电齐全,富力桃园(A区),6500,http://bj.ganji.com/fang1/2880521977x.htm
海淀-西三旗 泰华龙旗广场三居室整租 精装, 西三旗租房,7000,http://bj.ganji.com/fang1/2870607198x.htm
为你而选 知本时代 精装三居两卫 南北通透 ,知本时代,8000,http://bj.ganji.com/fang1/2872967076x.htm
清河上地西三旗 安宁佳园精装大三居设施齐交通便利温馨舒适,安宁佳园,6800,http://bj.ganji.com/fang1/2964103853x.htm
为你而选 枫丹丽舍 精装修两居室 目前房子空置随时可以住,枫丹丽舍,6500,http://bj.ganji.com/fang1/2963958227x.htm
为你而选 枫丹丽舍 精装修两居室 目前房子空置随时可以住,枫丹丽舍,6500,http://bj.ganji.com/fang1/2963954975x.htm
为你而选 枫丹丽舍 2室2厅 107平,枫丹丽舍,6500,http://bj.ganji.com/fang1/2963755181x.htm
为你而选 枫丹丽舍 2室2厅 107平,枫丹丽舍,6500,http://bj.ganji.com/fang1/2879518822x.htm
君安家园东区三室一厅一卫,君安家园东区,8000,http://bj.ganji.com/fang1/2873172654x.htm
为你而选 知本时代 精装三居两卫 南北通透 ,知本时代,8000,http://bj.ganji.com/fang1/2880656083x.htm
清河上地西三旗育新花园正规两居室现在两居室不多了别等了,育新花园,6500,http://bj.ganji.com/fang1/2958668747x.htm
为你而选 富力桃园C区 2室1厅 89平,富力桃园(A区),6500,http://bj.ganji.com/fang1/2960843228x.htm
为你而选 枫丹丽舍 精装修两居室 目前房子空置随时可以住,枫丹丽舍,6500,http://bj.ganji.com/fang1/2880426052x.htm
为你而选 枫丹丽舍 精装修两居室 目前房子空置随时可以住,枫丹丽舍,6500,http://bj.ganji.com/fang1/2880311671x.htm
为你而选 枫丹丽舍 精装修两居室 目前房子空置随时可以住,枫丹丽舍,6500,http://bj.ganji.com/fang1/2872291539x.htm
为你而选 枫丹丽舍 2室2厅 107平,枫丹丽舍,6500,http://bj.ganji.com/fang1/2872119765x.htm
为你而选 枫丹丽舍 精装修两居室 目前房子空置随时可以住,枫丹丽舍,6500,http://bj.ganji.com/fang1/2871237129x.htm
为你而选 枫丹丽舍 精装修两居室 目前房子空置随时可以住,枫丹丽舍,6500,http://bj.ganji.com/fang1/2963282708x.htm
西三旗 沁春家园 豪华装修大两居室 随时看房 交通便捷,沁春家园,6600,http://bj.ganji.com/fang1/2871400599x.htm
为你而选 枫丹丽舍 精装修两居室 目前房子空置随时可以住,枫丹丽舍,6500,http://bj.ganji.com/fang1/2962387538x.htm
为你而选 枫丹丽舍 精装修两居室 目前房子空置随时可以住,枫丹丽舍,6500,http://bj.ganji.com/fang1/2962039754x.htm
为你而选 知本时代 精装三居两卫 南北通透 ,知本时代,8000,http://bj.ganji.com/fang1/2879802955x.htm
为你而选 知本时代 精装三居两卫 南北通透 ,知本时代,8000,http://bj.ganji.com/fang1/2871403296x.htm
为你而选 知本时代 精装三居两卫 南北通透 ,知本时代,8000,http://bj.ganji.com/fang1/2872118760x.htm
为你而选 知本时代 精装三居两卫 南北通透 ,知本时代,8000,http://bj.ganji.com/fang1/2963150384x.htm
为你而选 枫丹丽舍 精装修两居室 目前房子空置随时可以住,枫丹丽舍,6500,http://bj.ganji.com/fang1/2871662130x.htm
海淀西三旗 8号线育新+西小口 育新花园 相寓三居室 精装修,育新花园,6500,http://bj.ganji.com/fang1/2867544442x.htm
为你而选 枫丹丽舍 精装修两居室 目前房子空置随时可以住,枫丹丽舍,6500,http://bj.ganji.com/fang1/2870899311x.htm
为你而选 知本时代 精装三居两卫 南北通透 ,知本时代,8000,http://bj.ganji.com/fang1/2870648982x.htm
为你而选 知本时代 精装三居两卫 南北通透 ,知本时代,8000,http://bj.ganji.com/fang1/2962222673x.htm
为你而选 知本时代 精装三居两卫 南北通透 ,知本时代,8000,http://bj.ganji.com/fang1/2962095947x.htm
为你而选 枫丹丽舍 精装修两居室 目前房子空置随时可以住,枫丹丽舍,6500,http://bj.ganji.com/fang1/2878780495x.htm
为你而选 海淀上地清河五彩城安宁庄 安宁佳园两居,安宁佳园,6500,http://bj.ganji.com/fang1/2872170930x.htm
为你而选 金榜园三居两卫业主诚心出租，欢迎来电咨询,金榜园,6500,http://bj.ganji.com/fang1/2878786858x.htm
为你而选 知本时代 2室1厅 91平,知本时代,6500,http://bj.ganji.com/fang1/2870660811x.htm
西三旗 育新地铁站 龙乡小区 精装三居室 精装修 免物业取暖,龙乡小区(中区),7000,http://bj.ganji.com/fang1/2962821062x.htm
为你而选 海淀上地清河五彩城安宁庄 安宁佳园两居,安宁佳园,6500,http://bj.ganji.com/fang1/2963163101x.htm
为你而选 知本时代 3室1厅 114平,知本时代,7000,http://bj.ganji.com/fang1/2853737362x.htm
为你而选 知本时代 2室1厅 91平,知本时代,6500,http://bj.ganji.com/fang1/2870714892x.htm
为你而选 知本时代 3室2厅 122平,知本时代,8000,http://bj.ganji.com/fang1/2878787467x.htm
为你而选 富力桃园C区精装两居室，南北通透，家具家电齐全,富力桃园(A区),6500,http://bj.ganji.com/fang1/2871235968x.htm
为你而选 枫丹丽舍 精装修两居室带露台，家具家电齐全,枫丹丽舍,7000,http://bj.ganji.com/fang1/2958964376x.htm
为你而选 知本时代 3室2厅 122平,知本时代,8000,http://bj.ganji.com/fang1/2878164904x.htm
为你而选 知本时代 精装三居两卫 南北通透 ,知本时代,8000,http://bj.ganji.com/fang1/2963936819x.htm
为你而选 富力桃园C区精装两居室，南北通透，家具家电齐全,富力桃园(A区),6500,http://bj.ganji.com/fang1/2880521977x.htm
海淀-西三旗 泰华龙旗广场三居室整租 精装, 西三旗租房,7000,http://bj.ganji.com/fang1/2870607198x.htm
为你而选 知本时代 精装三居两卫 南北通透 ,知本时代,8000,http://bj.ganji.com/fang1/2872967076x.htm
清河上地西三旗 安宁佳园精装大三居设施齐交通便利温馨舒适,安宁佳园,6800,http://bj.ganji.com/fang1/2964103853x.htm
为你而选 枫丹丽舍 精装修两居室 目前房子空置随时可以住,枫丹丽舍,6500,http://bj.ganji.com/fang1/2963958227x.htm
为你而选 枫丹丽舍 精装修两居室 目前房子空置随时可以住,枫丹丽舍,6500,http://bj.ganji.com/fang1/2963954975x.htm
为你而选 枫丹丽舍 2室2厅 107平,枫丹丽舍,6500,http://bj.ganji.com/fang1/2963755181x.htm
为你而选 枫丹丽舍 2室2厅 107平,枫丹丽舍,6500,http://bj.ganji.com/fang1/2879518822x.htm
君安家园东区三室一厅一卫,君安家园东区,8000,http://bj.ganji.com/fang1/2873172654x.htm
为你而选 知本时代 精装三居两卫 南北通透 ,知本时代,8000,http://bj.ganji.com/fang1/2880656083x.htm
清河上地西三旗育新花园正规两居室现在两居室不多了别等了,育新花园,6500,http://bj.ganji.com/fang1/2958668747x.htm
为你而选 富力桃园C区 2室1厅 89平,富力桃园(A区),6500,http://bj.ganji.com/fang1/2960843228x.htm
为你而选 枫丹丽舍 精装修两居室 目前房子空置随时可以住,枫丹丽舍,6500,http://bj.ganji.com/fang1/2880426052x.htm
为你而选 枫丹丽舍 精装修两居室 目前房子空置随时可以住,枫丹丽舍,6500,http://bj.ganji.com/fang1/2880311671x.htm
为你而选 枫丹丽舍 精装修两居室 目前房子空置随时可以住,枫丹丽舍,6500,http://bj.ganji.com/fang1/2872291539x.htm
为你而选 枫丹丽舍 2室2厅 107平,枫丹丽舍,6500,http://bj.ganji.com/fang1/2872119765x.htm
为你而选 枫丹丽舍 精装修两居室 目前房子空置随时可以住,枫丹丽舍,6500,http://bj.ganji.com/fang1/2871237129x.htm
为你而选 枫丹丽舍 精装修两居室 目前房子空置随时可以住,枫丹丽舍,6500,http://bj.ganji.com/fang1/2963282708x.htm
西三旗 沁春家园 豪华装修大两居室 随时看房 交通便捷,沁春家园,6600,http://bj.ganji.com/fang1/2871400599x.htm
为你而选 枫丹丽舍 精装修两居室 目前房子空置随时可以住,枫丹丽舍,6500,http://bj.ganji.com/fang1/2962387538x.htm
为你而选 枫丹丽舍 精装修两居室 目前房子空置随时可以住,枫丹丽舍,6500,http://bj.ganji.com/fang1/2962039754x.htm
为你而选 知本时代 精装三居两卫 南北通透 ,知本时代,8000,http://bj.ganji.com/fang1/2879802955x.htm
为你而选 知本时代 精装三居两卫 南北通透 ,知本时代,8000,http://bj.ganji.com/fang1/2871403296x.htm
为你而选 知本时代 精装三居两卫 南北通透 ,知本时代,8000,http://bj.ganji.com/fang1/2872118760x.htm
为你而选 知本时代 精装三居两卫 南北通透 ,知本时代,8000,http://bj.ganji.com/fang1/2963150384x.htm
为你而选 枫丹丽舍 精装修两居室 目前房子空置随时可以住,枫丹丽舍,6500,http://bj.ganji.com/fang1/2871662130x.htm
海淀西三旗 8号线育新+西小口 育新花园 相寓三居室 精装修,育新花园,6500,http://bj.ganji.com/fang1/2867544442x.htm
为你而选 枫丹丽舍 精装修两居室 目前房子空置随时可以住,枫丹丽舍,6500,http://bj.ganji.com/fang1/2870899311x.htm
为你而选 知本时代 精装三居两卫 南北通透 ,知本时代,8000,http://bj.ganji.com/fang1/2870648982x.htm
为你而选 知本时代 精装三居两卫 南北通透 ,知本时代,8000,http://bj.ganji.com/fang1/2962222673x.htm
为你而选 知本时代 精装三居两卫 南北通透 ,知本时代,8000,http://bj.ganji.com/fang1/2962095947x.htm
为你而选 枫丹丽舍 精装修两居室 目前房子空置随时可以住,枫丹丽舍,6500,http://bj.ganji.com/fang1/2878780495x.htm
为你而选 海淀上地清河五彩城安宁庄 安宁佳园两居,安宁佳园,6500,http://bj.ganji.com/fang1/2872170930x.htm
为你而选 金榜园三居两卫业主诚心出租，欢迎来电咨询,金榜园,6500,http://bj.ganji.com/fang1/2878786858x.htm
为你而选 知本时代 2室1厅 91平,知本时代,6500,http://bj.ganji.com/fang1/2870660811x.htm
西三旗 育新地铁站 龙乡小区 精装三居室 精装修 免物业取暖,龙乡小区(中区),7000,http://bj.ganji.com/fang1/2962821062x.htm
为你而选 海淀上地清河五彩城安宁庄 安宁佳园两居,安宁佳园,6500,http://bj.ganji.com/fang1/2963163101x.htm
为你而选 知本时代 3室1厅 114平,知本时代,7000,http://bj.ganji.com/fang1/2853737362x.htm
为你而选 知本时代 2室1厅 91平,知本时代,6500,http://bj.ganji.com/fang1/2870714892x.htm
为你而选 知本时代 3室2厅 122平,知本时代,8000,http://bj.ganji.com/fang1/2878787467x.htm
为你而选 富力桃园C区精装两居室，南北通透，家具家电齐全,富力桃园(A区),6500,http://bj.ganji.com/fang1/2871235968x.htm
为你而选 枫丹丽舍 精装修两居室带露台，家具家电齐全,枫丹丽舍,7000,http://bj.ganji.com/fang1/2958964376x.htm
为你而选 知本时代 3室2厅 122平,知本时代,8000,http://bj.ganji.com/fang1/2878164904x.htm
为你而选 知本时代 精装三居两卫 南北通透 ,知本时代,8000,http://bj.ganji.com/fang1/2963936819x.htm
为你而选 富力桃园C区精装两居室，南北通透，家具家电齐全,富力桃园(A区),6500,http://bj.ganji.com/fang1/2880521977x.htm
海淀-西三旗 泰华龙旗广场三居室整租 精装, 西三旗租房,7000,http://bj.ganji.com/fang1/2870607198x.htm
为你而选 知本时代 精装三居两卫 南北通透 ,知本时代,8000,http://bj.ganji.com/fang1/2872967076x.htm
清河上地西三旗 安宁佳园精装大三居设施齐交通便利温馨舒适,安宁佳园,6800,http://bj.ganji.com/fang1/2964103853x.htm
为你而选 枫丹丽舍 精装修两居室 目前房子空置随时可以住,枫丹丽舍,6500,http://bj.ganji.com/fang1/2963958227x.htm
为你而选 枫丹丽舍 精装修两居室 目前房子空置随时可以住,枫丹丽舍,6500,http://bj.ganji.com/fang1/2963954975x.htm
为你而选 枫丹丽舍 2室2厅 107平,枫丹丽舍,6500,http://bj.ganji.com/fang1/2963755181x.htm
为你而选 枫丹丽舍 2室2厅 107平,枫丹丽舍,6500,http://bj.ganji.com/fang1/2879518822x.htm
君安家园东区三室一厅一卫,君安家园东区,8000,http://bj.ganji.com/fang1/2873172654x.htm
为你而选 知本时代 精装三居两卫 南北通透 ,知本时代,8000,http://bj.ganji.com/fang1/2880656083x.htm
清河上地西三旗育新花园正规两居室现在两居室不多了别等了,育新花园,6500,http://bj.ganji.com/fang1/2958668747x.htm
为你而选 富力桃园C区 2室1厅 89平,富力桃园(A区),6500,http://bj.ganji.com/fang1/2960843228x.htm
为你而选 枫丹丽舍 精装修两居室 目前房子空置随时可以住,枫丹丽舍,6500,http://bj.ganji.com/fang1/2880426052x.htm
为你而选 枫丹丽舍 精装修两居室 目前房子空置随时可以住,枫丹丽舍,6500,http://bj.ganji.com/fang1/2880311671x.htm
为你而选 枫丹丽舍 精装修两居室 目前房子空置随时可以住,枫丹丽舍,6500,http://bj.ganji.com/fang1/2872291539x.htm
为你而选 枫丹丽舍 2室2厅 107平,枫丹丽舍,6500,http://bj.ganji.com/fang1/2872119765x.htm
为你而选 枫丹丽舍 精装修两居室 目前房子空置随时可以住,枫丹丽舍,6500,http://bj.ganji.com/fang1/2871237129x.htm
为你而选 枫丹丽舍 精装修两居室 目前房子空置随时可以住,枫丹丽舍,6500,http://bj.ganji.com/fang1/2963282708x.htm
西三旗 沁春家园 豪华装修大两居室 随时看房 交通便捷,沁春家园,6600,http://bj.ganji.com/fang1/2871400599x.htm
为你而选 枫丹丽舍 精装修两居室 目前房子空置随时可以住,枫丹丽舍,6500,http://bj.ganji.com/fang1/2962387538x.htm
为你而选 枫丹丽舍 精装修两居室 目前房子空置随时可以住,枫丹丽舍,6500,http://bj.ganji.com/fang1/2962039754x.htm
为你而选 知本时代 精装三居两卫 南北通透 ,知本时代,8000,http://bj.ganji.com/fang1/2879802955x.htm
为你而选 知本时代 精装三居两卫 南北通透 ,知本时代,8000,http://bj.ganji.com/fang1/2871403296x.htm
为你而选 知本时代 精装三居两卫 南北通透 ,知本时代,8000,http://bj.ganji.com/fang1/2872118760x.htm
为你而选 知本时代 精装三居两卫 南北通透 ,知本时代,8000,http://bj.ganji.com/fang1/2963150384x.htm
为你而选 枫丹丽舍 精装修两居室 目前房子空置随时可以住,枫丹丽舍,6500,http://bj.ganji.com/fang1/2871662130x.htm
海淀西三旗 8号线育新+西小口 育新花园 相寓三居室 精装修,育新花园,6500,http://bj.ganji.com/fang1/2867544442x.htm
为你而选 枫丹丽舍 精装修两居室 目前房子空置随时可以住,枫丹丽舍,6500,http://bj.ganji.com/fang1/2870899311x.htm
为你而选 知本时代 精装三居两卫 南北通透 ,知本时代,8000,http://bj.ganji.com/fang1/2870648982x.htm
为你而选 知本时代 精装三居两卫 南北通透 ,知本时代,8000,http://bj.ganji.com/fang1/2962222673x.htm
为你而选 知本时代 精装三居两卫 南北通透 ,知本时代,8000,http://bj.ganji.com/fang1/2962095947x.htm
为你而选 枫丹丽舍 精装修两居室 目前房子空置随时可以住,枫丹丽舍,6500,http://bj.ganji.com/fang1/2878780495x.htm
为你而选 海淀上地清河五彩城安宁庄 安宁佳园两居,安宁佳园,6500,http://bj.ganji.com/fang1/2872170930x.htm
为你而选 金榜园三居两卫业主诚心出租，欢迎来电咨询,金榜园,6500,http://bj.ganji.com/fang1/2878786858x.htm
为你而选 知本时代 2室1厅 91平,知本时代,6500,http://bj.ganji.com/fang1/2870660811x.htm
西三旗 育新地铁站 龙乡小区 精装三居室 精装修 免物业取暖,龙乡小区(中区),7000,http://bj.ganji.com/fang1/2962821062x.htm
为你而选 海淀上地清河五彩城安宁庄 安宁佳园两居,安宁佳园,6500,http://bj.ganji.com/fang1/2963163101x.htm
为你而选 知本时代 3室1厅 114平,知本时代,7000,http://bj.ganji.com/fang1/2853737362x.htm
为你而选 知本时代 2室1厅 91平,知本时代,6500,http://bj.ganji.com/fang1/2870714892x.htm
为你而选 知本时代 3室2厅 122平,知本时代,8000,http://bj.ganji.com/fang1/2878787467x.htm
为你而选 富力桃园C区精装两居室，南北通透，家具家电齐全,富力桃园(A区),6500,http://bj.ganji.com/fang1/2871235968x.htm
为你而选 枫丹丽舍 精装修两居室带露台，家具家电齐全,枫丹丽舍,7000,http://bj.ganji.com/fang1/2958964376x.htm
为你而选 知本时代 3室2厅 122平,知本时代,8000,http://bj.ganji.com/fang1/2878164904x.htm
为你而选 知本时代 精装三居两卫 南北通透 ,知本时代,8000,http://bj.ganji.com/fang1/2963936819x.htm
为你而选 富力桃园C区精装两居室，南北通透，家具家电齐全,富力桃园(A区),6500,http://bj.ganji.com/fang1/2880521977x.htm
海淀-西三旗 泰华龙旗广场三居室整租 精装, 西三旗租房,7000,http://bj.ganji.com/fang1/2870607198x.htm
为你而选 知本时代 精装三居两卫 南北通透 ,知本时代,8000,http://bj.ganji.com/fang1/2872967076x.htm
清河上地西三旗 安宁佳园精装大三居设施齐交通便利温馨舒适,安宁佳园,6800,http://bj.ganji.com/fang1/2964103853x.htm
为你而选 枫丹丽舍 精装修两居室 目前房子空置随时可以住,枫丹丽舍,6500,http://bj.ganji.com/fang1/2963958227x.htm
为你而选 枫丹丽舍 精装修两居室 目前房子空置随时可以住,枫丹丽舍,6500,http://bj.ganji.com/fang1/2963954975x.htm
为你而选 枫丹丽舍 2室2厅 107平,枫丹丽舍,6500,http://bj.ganji.com/fang1/2963755181x.htm
为你而选 枫丹丽舍 2室2厅 107平,枫丹丽舍,6500,http://bj.ganji.com/fang1/2879518822x.htm
君安家园东区三室一厅一卫,君安家园东区,8000,http://bj.ganji.com/fang1/2873172654x.htm
为你而选 知本时代 精装三居两卫 南北通透 ,知本时代,8000,http://bj.ganji.com/fang1/2880656083x.htm
清河上地西三旗育新花园正规两居室现在两居室不多了别等了,育新花园,6500,http://bj.ganji.com/fang1/2958668747x.htm
为你而选 富力桃园C区 2室1厅 89平,富力桃园(A区),6500,http://bj.ganji.com/fang1/2960843228x.htm
为你而选 枫丹丽舍 精装修两居室 目前房子空置随时可以住,枫丹丽舍,6500,http://bj.ganji.com/fang1/2880426052x.htm
为你而选 枫丹丽舍 精装修两居室 目前房子空置随时可以住,枫丹丽舍,6500,http://bj.ganji.com/fang1/2880311671x.htm
为你而选 枫丹丽舍 精装修两居室 目前房子空置随时可以住,枫丹丽舍,6500,http://bj.ganji.com/fang1/2872291539x.htm
为你而选 枫丹丽舍 2室2厅 107平,枫丹丽舍,6500,http://bj.ganji.com/fang1/2872119765x.htm
为你而选 枫丹丽舍 精装修两居室 目前房子空置随时可以住,枫丹丽舍,6500,http://bj.ganji.com/fang1/2871237129x.htm
为你而选 枫丹丽舍 精装修两居室 目前房子空置随时可以住,枫丹丽舍,6500,http://bj.ganji.com/fang1/2963282708x.htm
西三旗 沁春家园 豪华装修大两居室 随时看房 交通便捷,沁春家园,6600,http://bj.ganji.com/fang1/2871400599x.htm
为你而选 枫丹丽舍 精装修两居室 目前房子空置随时可以住,枫丹丽舍,6500,http://bj.ganji.com/fang1/2962387538x.htm
为你而选 枫丹丽舍 精装修两居室 目前房子空置随时可以住,枫丹丽舍,6500,http://bj.ganji.com/fang1/2962039754x.htm
为你而选 知本时代 精装三居两卫 南北通透 ,知本时代,8000,http://bj.ganji.com/fang1/2879802955x.htm
为你而选 知本时代 精装三居两卫 南北通透 ,知本时代,8000,http://bj.ganji.com/fang1/2871403296x.htm
为你而选 知本时代 精装三居两卫 南北通透 ,知本时代,8000,http://bj.ganji.com/fang1/2872118760x.htm
为你而选 知本时代 精装三居两卫 南北通透 ,知本时代,8000,http://bj.ganji.com/fang1/2963150384x.htm
为你而选 枫丹丽舍 精装修两居室 目前房子空置随时可以住,枫丹丽舍,6500,http://bj.ganji.com/fang1/2871662130x.htm
海淀西三旗 8号线育新+西小口 育新花园 相寓三居室 精装修,育新花园,6500,http://bj.ganji.com/fang1/2867544442x.htm
为你而选 枫丹丽舍 精装修两居室 目前房子空置随时可以住,枫丹丽舍,6500,http://bj.ganji.com/fang1/2870899311x.htm
为你而选 知本时代 精装三居两卫 南北通透 ,知本时代,8000,http://bj.ganji.com/fang1/2870648982x.htm
为你而选 知本时代 精装三居两卫 南北通透 ,知本时代,8000,http://bj.ganji.com/fang1/2962222673x.htm
为你而选 知本时代 精装三居两卫 南北通透 ,知本时代,8000,http://bj.ganji.com/fang1/2962095947x.htm
为你而选 枫丹丽舍 精装修两居室 目前房子空置随时可以住,枫丹丽舍,6500,http://bj.ganji.com/fang1/2878780495x.htm
为你而选 海淀上地清河五彩城安宁庄 安宁佳园两居,安宁佳园,6500,http://bj.ganji.com/fang1/2872170930x.htm
为你而选 金榜园三居两卫业主诚心出租，欢迎来电咨询,金榜园,6500,http://bj.ganji.com/fang1/2878786858x.htm
为你而选 知本时代 2室1厅 91平,知本时代,6500,http://bj.ganji.com/fang1/2870660811x.htm
西三旗 育新地铁站 龙乡小区 精装三居室 精装修 免物业取暖,龙乡小区(中区),7000,http://bj.ganji.com/fang1/2962821062x.htm
为你而选 海淀上地清河五彩城安宁庄 安宁佳园两居,安宁佳园,6500,http://bj.ganji.com/fang1/2963163101x.htm
为你而选 知本时代 3室1厅 114平,知本时代,7000,http://bj.ganji.com/fang1/2853737362x.htm
为你而选 知本时代 2室1厅 91平,知本时代,6500,http://bj.ganji.com/fang1/2870714892x.htm
为你而选 知本时代 3室2厅 122平,知本时代,8000,http://bj.ganji.com/fang1/2878787467x.htm
为你而选 富力桃园C区精装两居室，南北通透，家具家电齐全,富力桃园(A区),6500,http://bj.ganji.com/fang1/2871235968x.htm
为你而选 枫丹丽舍 精装修两居室带露台，家具家电齐全,枫丹丽舍,7000,http://bj.ganji.com/fang1/2958964376x.htm
为你而选 知本时代 3室2厅 122平,知本时代,8000,http://bj.ganji.com/fang1/2878164904x.htm
为你而选 知本时代 精装三居两卫 南北通透 ,知本时代,8000,http://bj.ganji.com/fang1/2963936819x.htm
为你而选 富力桃园C区精装两居室，南北通透，家具家电齐全,富力桃园(A区),6500,http://bj.ganji.com/fang1/2880521977x.htm
海淀-西三旗 泰华龙旗广场三居室整租 精装, 西三旗租房,7000,http://bj.ganji.com/fang1/2870607198x.htm
为你而选 知本时代 精装三居两卫 南北通透 ,知本时代,8000,http://bj.ganji.com/fang1/2872967076x.htm
清河上地西三旗 安宁佳园精装大三居设施齐交通便利温馨舒适,安宁佳园,6800,http://bj.ganji.com/fang1/2964103853x.htm
为你而选 枫丹丽舍 精装修两居室 目前房子空置随时可以住,枫丹丽舍,6500,http://bj.ganji.com/fang1/2963958227x.htm
为你而选 枫丹丽舍 精装修两居室 目前房子空置随时可以住,枫丹丽舍,6500,http://bj.ganji.com/fang1/2963954975x.htm
为你而选 枫丹丽舍 2室2厅 107平,枫丹丽舍,6500,http://bj.ganji.com/fang1/2963755181x.htm
为你而选 枫丹丽舍 2室2厅 107平,枫丹丽舍,6500,http://bj.ganji.com/fang1/2879518822x.htm
君安家园东区三室一厅一卫,君安家园东区,8000,http://bj.ganji.com/fang1/2873172654x.htm
为你而选 知本时代 精装三居两卫 南北通透 ,知本时代,8000,http://bj.ganji.com/fang1/2880656083x.htm
清河上地西三旗育新花园正规两居室现在两居室不多了别等了,育新花园,6500,http://bj.ganji.com/fang1/2958668747x.htm
为你而选 富力桃园C区 2室1厅 89平,富力桃园(A区),6500,http://bj.ganji.com/fang1/2960843228x.htm
为你而选 枫丹丽舍 精装修两居室 目前房子空置随时可以住,枫丹丽舍,6500,http://bj.ganji.com/fang1/2880426052x.htm
为你而选 枫丹丽舍 精装修两居室 目前房子空置随时可以住,枫丹丽舍,6500,http://bj.ganji.com/fang1/2880311671x.htm
为你而选 枫丹丽舍 精装修两居室 目前房子空置随时可以住,枫丹丽舍,6500,http://bj.ganji.com/fang1/2872291539x.htm
为你而选 枫丹丽舍 2室2厅 107平,枫丹丽舍,6500,http://bj.ganji.com/fang1/2872119765x.htm
为你而选 枫丹丽舍 精装修两居室 目前房子空置随时可以住,枫丹丽舍,6500,http://bj.ganji.com/fang1/2871237129x.htm
为你而选 枫丹丽舍 精装修两居室 目前房子空置随时可以住,枫丹丽舍,6500,http://bj.ganji.com/fang1/2963282708x.htm
西三旗 沁春家园 豪华装修大两居室 随时看房 交通便捷,沁春家园,6600,http://bj.ganji.com/fang1/2871400599x.htm
为你而选 枫丹丽舍 精装修两居室 目前房子空置随时可以住,枫丹丽舍,6500,http://bj.ganji.com/fang1/2962387538x.htm
为你而选 枫丹丽舍 精装修两居室 目前房子空置随时可以住,枫丹丽舍,6500,http://bj.ganji.com/fang1/2962039754x.htm
为你而选 知本时代 精装三居两卫 南北通透 ,知本时代,8000,http://bj.ganji.com/fang1/2879802955x.htm
为你而选 知本时代 精装三居两卫 南北通透 ,知本时代,8000,http://bj.ganji.com/fang1/2871403296x.htm
为你而选 知本时代 精装三居两卫 南北通透 ,知本时代,8000,http://bj.ganji.com/fang1/2872118760x.htm
为你而选 知本时代 精装三居两卫 南北通透 ,知本时代,8000,http://bj.ganji.com/fang1/2963150384x.htm
为你而选 枫丹丽舍 精装修两居室 目前房子空置随时可以住,枫丹丽舍,6500,http://bj.ganji.com/fang1/2871662130x.htm
海淀西三旗 8号线育新+西小口 育新花园 相寓三居室 精装修,育新花园,6500,http://bj.ganji.com/fang1/2867544442x.htm
为你而选 枫丹丽舍 精装修两居室 目前房子空置随时可以住,枫丹丽舍,6500,http://bj.ganji.com/fang1/2870899311x.htm
为你而选 知本时代 精装三居两卫 南北通透 ,知本时代,8000,http://bj.ganji.com/fang1/2870648982x.htm
为你而选 知本时代 精装三居两卫 南北通透 ,知本时代,8000,http://bj.ganji.com/fang1/2962222673x.htm
为你而选 知本时代 精装三居两卫 南北通透 ,知本时代,8000,http://bj.ganji.com/fang1/2962095947x.htm
为你而选 枫丹丽舍 精装修两居室 目前房子空置随时可以住,枫丹丽舍,6500,http://bj.ganji.com/fang1/2878780495x.htm
为你而选 海淀上地清河五彩城安宁庄 安宁佳园两居,安宁佳园,6500,http://bj.ganji.com/fang1/2872170930x.htm
为你而选 知本时代 2室1厅 91平,知本时代,6500,http://bj.ganji.com/fang1/2870660811x.htm
西三旗 育新地铁站 龙乡小区 精装三居室 精装修 免物业取暖,龙乡小区(中区),7000,http://bj.ganji.com/fang1/2962821062x.htm
为你而选 海淀上地清河五彩城安宁庄 安宁佳园两居,安宁佳园,6500,http://bj.ganji.com/fang1/2963163101x.htm
为你而选 知本时代 3室1厅 114平,知本时代,7000,http://bj.ganji.com/fang1/2853737362x.htm
为你而选 知本时代 2室1厅 91平,知本时代,6500,http://bj.ganji.com/fang1/2870714892x.htm
为你而选 知本时代 3室2厅 122平,知本时代,8000,http://bj.ganji.com/fang1/2878787467x.htm
为你而选 育新花园 3室0厅 74平,育新花园,6500,http://bj.ganji.com/fang1/2871846229x.htm
为你而选 富力桃园C区精装两居室，南北通透，家具家电齐全,富力桃园(A区),6500,http://bj.ganji.com/fang1/2871235968x.htm
为你而选 枫丹丽舍 精装修两居室带露台，家具家电齐全,枫丹丽舍,7000,http://bj.ganji.com/fang1/2958964376x.htm
为你而选 知本时代 3室2厅 122平,知本时代,8000,http://bj.ganji.com/fang1/2878164904x.htm
为你而选 知本时代 精装三居两卫 南北通透 ,知本时代,8000,http://bj.ganji.com/fang1/2963936819x.htm
为你而选 富力桃园C区精装两居室，南北通透，家具家电齐全,富力桃园(A区),6500,http://bj.ganji.com/fang1/2880521977x.htm
海淀-西三旗 泰华龙旗广场三居室整租 精装, 西三旗租房,7000,http://bj.ganji.com/fang1/2870607198x.htm
为你而选 知本时代 精装三居两卫 南北通透 ,知本时代,8000,http://bj.ganji.com/fang1/2872967076x.htm
清河上地西三旗 安宁佳园精装大三居设施齐交通便利温馨舒适,安宁佳园,6800,http://bj.ganji.com/fang1/2964103853x.htm
为你而选 枫丹丽舍 精装修两居室 目前房子空置随时可以住,枫丹丽舍,6500,http://bj.ganji.com/fang1/2963958227x.htm
为你而选 枫丹丽舍 精装修两居室 目前房子空置随时可以住,枫丹丽舍,6500,http://bj.ganji.com/fang1/2963954975x.htm
为你而选 枫丹丽舍 2室2厅 107平,枫丹丽舍,6500,http://bj.ganji.com/fang1/2963755181x.htm
为你而选 枫丹丽舍 2室2厅 107平,枫丹丽舍,6500,http://bj.ganji.com/fang1/2879518822x.htm
君安家园东区三室一厅一卫,君安家园东区,8000,http://bj.ganji.com/fang1/2873172654x.htm
为你而选 知本时代 精装三居两卫 南北通透 ,知本时代,8000,http://bj.ganji.com/fang1/2880656083x.htm
清河上地西三旗育新花园正规两居室现在两居室不多了别等了,育新花园,6500,http://bj.ganji.com/fang1/2958668747x.htm
为你而选 富力桃园C区 2室1厅 89平,富力桃园(A区),6500,http://bj.ganji.com/fang1/2960843228x.htm
为你而选 枫丹丽舍 精装修两居室 目前房子空置随时可以住,枫丹丽舍,6500,http://bj.ganji.com/fang1/2880426052x.htm
为你而选 枫丹丽舍 精装修两居室 目前房子空置随时可以住,枫丹丽舍,6500,http://bj.ganji.com/fang1/2880311671x.htm
为你而选 枫丹丽舍 精装修两居室 目前房子空置随时可以住,枫丹丽舍,6500,http://bj.ganji.com/fang1/2872291539x.htm
为你而选 枫丹丽舍 2室2厅 107平,枫丹丽舍,6500,http://bj.ganji.com/fang1/2872119765x.htm
为你而选 枫丹丽舍 精装修两居室 目前房子空置随时可以住,枫丹丽舍,6500,http://bj.ganji.com/fang1/2871237129x.htm
为你而选 枫丹丽舍 精装修两居室 目前房子空置随时可以住,枫丹丽舍,6500,http://bj.ganji.com/fang1/2963282708x.htm
西三旗 沁春家园 豪华装修大两居室 随时看房 交通便捷,沁春家园,6600,http://bj.ganji.com/fang1/2871400599x.htm
为你而选 枫丹丽舍 精装修两居室 目前房子空置随时可以住,枫丹丽舍,6500,http://bj.ganji.com/fang1/2962387538x.htm
为你而选 枫丹丽舍 精装修两居室 目前房子空置随时可以住,枫丹丽舍,6500,http://bj.ganji.com/fang1/2962039754x.htm
为你而选 知本时代 精装三居两卫 南北通透 ,知本时代,8000,http://bj.ganji.com/fang1/2879802955x.htm
为你而选 知本时代 精装三居两卫 南北通透 ,知本时代,8000,http://bj.ganji.com/fang1/2871403296x.htm
为你而选 知本时代 精装三居两卫 南北通透 ,知本时代,8000,http://bj.ganji.com/fang1/2872118760x.htm
为你而选 知本时代 精装三居两卫 南北通透 ,知本时代,8000,http://bj.ganji.com/fang1/2963150384x.htm
为你而选 枫丹丽舍 精装修两居室 目前房子空置随时可以住,枫丹丽舍,6500,http://bj.ganji.com/fang1/2871662130x.htm
海淀西三旗 8号线育新+西小口 育新花园 相寓三居室 精装修,育新花园,6500,http://bj.ganji.com/fang1/2867544442x.htm
为你而选 枫丹丽舍 精装修两居室 目前房子空置随时可以住,枫丹丽舍,6500,http://bj.ganji.com/fang1/2870899311x.htm
为你而选 知本时代 精装三居两卫 南北通透 ,知本时代,8000,http://bj.ganji.com/fang1/2870648982x.htm
为你而选 知本时代 精装三居两卫 南北通透 ,知本时代,8000,http://bj.ganji.com/fang1/2962222673x.htm
为你而选 知本时代 精装三居两卫 南北通透 ,知本时代,8000,http://bj.ganji.com/fang1/2962095947x.htm
为你而选 枫丹丽舍 精装修两居室 目前房子空置随时可以住,枫丹丽舍,6500,http://bj.ganji.com/fang1/2878780495x.htm
为你而选 海淀上地清河五彩城安宁庄 安宁佳园两居,安宁佳园,6500,http://bj.ganji.com/fang1/2872170930x.htm
为你而选 金榜园三居两卫业主诚心出租，欢迎来电咨询,金榜园,6500,http://bj.ganji.com/fang1/2878786858x.htm
为你而选 知本时代 2室1厅 91平,知本时代,6500,http://bj.ganji.com/fang1/2870660811x.htm
西三旗 育新地铁站 龙乡小区 精装三居室 精装修 免物业取暖,龙乡小区(中区),7000,http://bj.ganji.com/fang1/2962821062x.htm
为你而选 海淀上地清河五彩城安宁庄 安宁佳园两居,安宁佳园,6500,http://bj.ganji.com/fang1/2963163101x.htm
为你而选 知本时代 3室1厅 114平,知本时代,7000,http://bj.ganji.com/fang1/2853737362x.htm
为你而选 知本时代 2室1厅 91平,知本时代,6500,http://bj.ganji.com/fang1/2870714892x.htm
为你而选 知本时代 3室2厅 122平,知本时代,8000,http://bj.ganji.com/fang1/2878787467x.htm
为你而选 富力桃园C区精装两居室，南北通透，家具家电齐全,富力桃园(A区),6500,http://bj.ganji.com/fang1/2871235968x.htm
为你而选 枫丹丽舍 精装修两居室带露台，家具家电齐全,枫丹丽舍,7000,http://bj.ganji.com/fang1/2958964376x.htm
为你而选 知本时代 3室2厅 122平,知本时代,8000,http://bj.ganji.com/fang1/2878164904x.htm
为你而选 知本时代 精装三居两卫 南北通透 ,知本时代,8000,http://bj.ganji.com/fang1/2963936819x.htm
为你而选 富力桃园C区精装两居室，南北通透，家具家电齐全,富力桃园(A区),6500,http://bj.ganji.com/fang1/2880521977x.htm
海淀-西三旗 泰华龙旗广场三居室整租 精装, 西三旗租房,7000,http://bj.ganji.com/fang1/2870607198x.htm
为你而选 知本时代 精装三居两卫 南北通透 ,知本时代,8000,http://bj.ganji.com/fang1/2872967076x.htm
清河上地西三旗 安宁佳园精装大三居设施齐交通便利温馨舒适,安宁佳园,6800,http://bj.ganji.com/fang1/2964103853x.htm
为你而选 枫丹丽舍 精装修两居室 目前房子空置随时可以住,枫丹丽舍,6500,http://bj.ganji.com/fang1/2963958227x.htm
为你而选 枫丹丽舍 精装修两居室 目前房子空置随时可以住,枫丹丽舍,6500,http://bj.ganji.com/fang1/2963954975x.htm
为你而选 枫丹丽舍 2室2厅 107平,枫丹丽舍,6500,http://bj.ganji.com/fang1/2963755181x.htm
为你而选 枫丹丽舍 2室2厅 107平,枫丹丽舍,6500,http://bj.ganji.com/fang1/2879518822x.htm
君安家园东区三室一厅一卫,君安家园东区,8000,http://bj.ganji.com/fang1/2873172654x.htm
为你而选 知本时代 精装三居两卫 南北通透 ,知本时代,8000,http://bj.ganji.com/fang1/2880656083x.htm
清河上地西三旗育新花园正规两居室现在两居室不多了别等了,育新花园,6500,http://bj.ganji.com/fang1/2958668747x.htm
为你而选 富力桃园C区 2室1厅 89平,富力桃园(A区),6500,http://bj.ganji.com/fang1/2960843228x.htm
为你而选 枫丹丽舍 精装修两居室 目前房子空置随时可以住,枫丹丽舍,6500,http://bj.ganji.com/fang1/2880426052x.htm
为你而选 枫丹丽舍 精装修两居室 目前房子空置随时可以住,枫丹丽舍,6500,http://bj.ganji.com/fang1/2880311671x.htm
为你而选 枫丹丽舍 精装修两居室 目前房子空置随时可以住,枫丹丽舍,6500,http://bj.ganji.com/fang1/2872291539x.htm
为你而选 枫丹丽舍 2室2厅 107平,枫丹丽舍,6500,http://bj.ganji.com/fang1/2872119765x.htm
为你而选 枫丹丽舍 精装修两居室 目前房子空置随时可以住,枫丹丽舍,6500,http://bj.ganji.com/fang1/2871237129x.htm
为你而选 枫丹丽舍 精装修两居室 目前房子空置随时可以住,枫丹丽舍,6500,http://bj.ganji.com/fang1/2963282708x.htm
西三旗 沁春家园 豪华装修大两居室 随时看房 交通便捷,沁春家园,6600,http://bj.ganji.com/fang1/2871400599x.htm
为你而选 枫丹丽舍 精装修两居室 目前房子空置随时可以住,枫丹丽舍,6500,http://bj.ganji.com/fang1/2962387538x.htm
为你而选 枫丹丽舍 精装修两居室 目前房子空置随时可以住,枫丹丽舍,6500,http://bj.ganji.com/fang1/2962039754x.htm
为你而选 知本时代 精装三居两卫 南北通透 ,知本时代,8000,http://bj.ganji.com/fang1/2879802955x.htm
为你而选 知本时代 精装三居两卫 南北通透 ,知本时代,8000,http://bj.ganji.com/fang1/2871403296x.htm
为你而选 知本时代 精装三居两卫 南北通透 ,知本时代,8000,http://bj.ganji.com/fang1/2872118760x.htm
为你而选 知本时代 精装三居两卫 南北通透 ,知本时代,8000,http://bj.ganji.com/fang1/2963150384x.htm
为你而选 枫丹丽舍 精装修两居室 目前房子空置随时可以住,枫丹丽舍,6500,http://bj.ganji.com/fang1/2871662130x.htm
海淀西三旗 8号线育新+西小口 育新花园 相寓三居室 精装修,育新花园,6500,http://bj.ganji.com/fang1/2867544442x.htm
为你而选 枫丹丽舍 精装修两居室 目前房子空置随时可以住,枫丹丽舍,6500,http://bj.ganji.com/fang1/2870899311x.htm
为你而选 知本时代 精装三居两卫 南北通透 ,知本时代,8000,http://bj.ganji.com/fang1/2870648982x.htm
为你而选 知本时代 精装三居两卫 南北通透 ,知本时代,8000,http://bj.ganji.com/fang1/2962222673x.htm
为你而选 知本时代 精装三居两卫 南北通透 ,知本时代,8000,http://bj.ganji.com/fang1/2962095947x.htm
为你而选 枫丹丽舍 精装修两居室 目前房子空置随时可以住,枫丹丽舍,6500,http://bj.ganji.com/fang1/2878780495x.htm
为你而选 海淀上地清河五彩城安宁庄 安宁佳园两居,安宁佳园,6500,http://bj.ganji.com/fang1/2872170930x.htm
为你而选 金榜园三居两卫业主诚心出租，欢迎来电咨询,金榜园,6500,http://bj.ganji.com/fang1/2878786858x.htm
为你而选 知本时代 2室1厅 91平,知本时代,6500,http://bj.ganji.com/fang1/2870660811x.htm
西三旗 育新地铁站 龙乡小区 精装三居室 精装修 免物业取暖,龙乡小区(中区),7000,http://bj.ganji.com/fang1/2962821062x.htm
为你而选 海淀上地清河五彩城安宁庄 安宁佳园两居,安宁佳园,6500,http://bj.ganji.com/fang1/2963163101x.htm
为你而选 知本时代 3室1厅 114平,知本时代,7000,http://bj.ganji.com/fang1/2853737362x.htm
为你而选 知本时代 2室1厅 91平,知本时代,6500,http://bj.ganji.com/fang1/2870714892x.htm
为你而选 知本时代 3室2厅 122平,知本时代,8000,http://bj.ganji.com/fang1/2878787467x.htm
为你而选 富力桃园C区精装两居室，南北通透，家具家电齐全,富力桃园(A区),6500,http://bj.ganji.com/fang1/2871235968x.htm
为你而选 枫丹丽舍 精装修两居室带露台，家具家电齐全,枫丹丽舍,7000,http://bj.ganji.com/fang1/2958964376x.htm
为你而选 知本时代 3室2厅 122平,知本时代,8000,http://bj.ganji.com/fang1/2878164904x.htm
为你而选 知本时代 精装三居两卫 南北通透 ,知本时代,8000,http://bj.ganji.com/fang1/2963936819x.htm
为你而选 富力桃园C区精装两居室，南北通透，家具家电齐全,富力桃园(A区),6500,http://bj.ganji.com/fang1/2880521977x.htm
海淀-西三旗 泰华龙旗广场三居室整租 精装, 西三旗租房,7000,http://bj.ganji.com/fang1/2870607198x.htm
为你而选 知本时代 精装三居两卫 南北通透 ,知本时代,8000,http://bj.ganji.com/fang1/2872967076x.htm
清河上地西三旗 安宁佳园精装大三居设施齐交通便利温馨舒适,安宁佳园,6800,http://bj.ganji.com/fang1/2964103853x.htm
为你而选 枫丹丽舍 精装修两居室 目前房子空置随时可以住,枫丹丽舍,6500,http://bj.ganji.com/fang1/2963958227x.htm
为你而选 枫丹丽舍 精装修两居室 目前房子空置随时可以住,枫丹丽舍,6500,http://bj.ganji.com/fang1/2963954975x.htm
为你而选 枫丹丽舍 2室2厅 107平,枫丹丽舍,6500,http://bj.ganji.com/fang1/2963755181x.htm
为你而选 枫丹丽舍 2室2厅 107平,枫丹丽舍,6500,http://bj.ganji.com/fang1/2879518822x.htm
君安家园东区三室一厅一卫,君安家园东区,8000,http://bj.ganji.com/fang1/2873172654x.htm
为你而选 知本时代 精装三居两卫 南北通透 ,知本时代,8000,http://bj.ganji.com/fang1/2880656083x.htm
清河上地西三旗育新花园正规两居室现在两居室不多了别等了,育新花园,6500,http://bj.ganji.com/fang1/2958668747x.htm
为你而选 富力桃园C区 2室1厅 89平,富力桃园(A区),6500,http://bj.ganji.com/fang1/2960843228x.htm
为你而选 枫丹丽舍 精装修两居室 目前房子空置随时可以住,枫丹丽舍,6500,http://bj.ganji.com/fang1/2880426052x.htm
为你而选 枫丹丽舍 精装修两居室 目前房子空置随时可以住,枫丹丽舍,6500,http://bj.ganji.com/fang1/2880311671x.htm
为你而选 枫丹丽舍 精装修两居室 目前房子空置随时可以住,枫丹丽舍,6500,http://bj.ganji.com/fang1/2872291539x.htm
为你而选 枫丹丽舍 2室2厅 107平,枫丹丽舍,6500,http://bj.ganji.com/fang1/2872119765x.htm
为你而选 枫丹丽舍 精装修两居室 目前房子空置随时可以住,枫丹丽舍,6500,http://bj.ganji.com/fang1/2871237129x.htm
为你而选 枫丹丽舍 精装修两居室 目前房子空置随时可以住,枫丹丽舍,6500,http://bj.ganji.com/fang1/2963282708x.htm
西三旗 沁春家园 豪华装修大两居室 随时看房 交通便捷,沁春家园,6600,http://bj.ganji.com/fang1/2871400599x.htm
为你而选 枫丹丽舍 精装修两居室 目前房子空置随时可以住,枫丹丽舍,6500,http://bj.ganji.com/fang1/2962387538x.htm
为你而选 枫丹丽舍 精装修两居室 目前房子空置随时可以住,枫丹丽舍,6500,http://bj.ganji.com/fang1/2962039754x.htm
为你而选 知本时代 精装三居两卫 南北通透 ,知本时代,8000,http://bj.ganji.com/fang1/2879802955x.htm
为你而选 知本时代 精装三居两卫 南北通透 ,知本时代,8000,http://bj.ganji.com/fang1/2871403296x.htm
为你而选 知本时代 精装三居两卫 南北通透 ,知本时代,8000,http://bj.ganji.com/fang1/2872118760x.htm
为你而选 知本时代 精装三居两卫 南北通透 ,知本时代,8000,http://bj.ganji.com/fang1/2963150384x.htm
为你而选 枫丹丽舍 精装修两居室 目前房子空置随时可以住,枫丹丽舍,6500,http://bj.ganji.com/fang1/2871662130x.htm
海淀西三旗 8号线育新+西小口 育新花园 相寓三居室 精装修,育新花园,6500,http://bj.ganji.com/fang1/2867544442x.htm
为你而选 枫丹丽舍 精装修两居室 目前房子空置随时可以住,枫丹丽舍,6500,http://bj.ganji.com/fang1/2870899311x.htm
为你而选 知本时代 精装三居两卫 南北通透 ,知本时代,8000,http://bj.ganji.com/fang1/2870648982x.htm
为你而选 知本时代 精装三居两卫 南北通透 ,知本时代,8000,http://bj.ganji.com/fang1/2962222673x.htm
为你而选 知本时代 精装三居两卫 南北通透 ,知本时代,8000,http://bj.ganji.com/fang1/2962095947x.htm
为你而选 枫丹丽舍 精装修两居室 目前房子空置随时可以住,枫丹丽舍,6500,http://bj.ganji.com/fang1/2878780495x.htm
